ENTITY_ID,SYS_ID,TYPE,COUNTRY_TYPE,COUNTRY_CODE,COUNTRY_DESC,MAIN_ENTRY,SUB_ENTITY_ID,BATCH_NO,BATCH_DATE
"111345","","5","Nationality","","Algerian","","","",""
"111183","","5","Nationality","","Algerian","","","",""
"111900","","5","Nationality","","Iraqi","","","",""
"2959427","","5","Nationality","","Afghan","","","",""
"111369","","5","Nationality","","Tunisian","","","",""
"111385","","5","Nationality","","Tunisian","","","",""
"111533","","5","Nationality","","Egyptian","","","",""
"111449","","5","Nationality","","Pakistani","","","",""
"111395","","5","Nationality","","Malaysian","","","",""
"111450","","5","Nationality","","Iraqi","","","",""
"2972739","","5","Nationality","","Indonesian","","","",""
"2786469","","5","Nationality","","Libyan","","","",""
"111451","","5","Nationality","","Indonesian","","","",""
"2983651","","5","Nationality","","Pakistani","","","",""
"2922613","","5","Nationality","","Saudi Arabian","","","",""
"2786360","","5","Nationality","","Libyan","","","",""
"111640","","5","Nationality","","Jordanian","","","",""
"2758287","","5","Nationality","","Stateless Palestinian","","","",""
"111732","","5","Nationality","","Stateless Palestinian","","","",""
"2983821","","5","Nationality","","Indonesian","","","",""
"3012677","","5","Nationality","","Malian","","","",""
"111953","","5","Nationality","","Iraqi","","","",""
"2762998","","5","Nationality","","Iraqi","","","",""
"2797952","","5","Nationality","","Kuwaiti","","","",""
"111498","","5","Nationality","","Egyptian","","","",""
"111641","","5","Nationality","","Egyptian","","","",""
"111733","","5","Nationality","","Algerian","","","",""
"3002734","","5","Nationality","","Algerian","","","",""
"111500","","5","Nationality","","Algerian","","","",""
"2797951","","5","Nationality","","Kuwaiti","","","",""
"111734","","5","Nationality","","Tunisian","","","",""
"111735","","5","Nationality","","Tunisian","","","",""
"111736","","5","Nationality","","Saudi Arabian","","","",""
"2962519","","5","Nationality","","Saudi Arabian","","","",""
"2913655","","5","Nationality","","United States of America","","","",""
"111834","","5","Nationality","","Tunisian","","","",""
"111835","","5","Nationality","","Tunisian","","","",""
"2786246","","5","Nationality","","Libyan","","","",""
"111836","","5","Nationality","","Unresolved/Palestinian origin","","","",""
"2894441","","5","Nationality","","Iraqi","","","",""
"111837","","5","Nationality","","Tunisian","","","",""
"111763","","5","Nationality","","Saudi Arabian","","","",""
"2760967","","5","Nationality","","British","","","",""
"2968403","","5","Nationality","","Saudi Arabian","","","",""
"111857","","5","Nationality","","Tunisian","","","",""
"111916","","5","Nationality","","Tunisian","","","",""
"2827324","","5","Nationality","","Bahraini","","","",""
"111917","","5","Nationality","","Egyptian","","","",""
"111496","","5","Nationality","","Kuwaiti citizenship withdrawn in 2002","","","",""
"2975516","","5","Nationality","","Iraqi","","","",""
"2973988","","5","Nationality","","Pakistani","","","",""
"111918","","5","Nationality","","Egyptian","","","",""
"111784","","5","Nationality","","Tunisian","","","",""
"111902","","5","Nationality","","Algerian","","","",""
"111902","","5","Nationality","","Palestinian","","","",""
"112016","","5","Nationality","","Tunisian","","","",""
"112017","","5","Nationality","","Tunisian","","","",""
"2786785","","5","Nationality","","Saudi Arabian","","","",""
"111925","","5","Nationality","","Algerian","","","",""
"111785","","5","Nationality","","Tunisian","","","",""
"111920","","5","Nationality","","Tunisian","","","",""
"2757956","","5","Nationality","","Saudi Arabian","","","",""
"113223","","5","Nationality","","Jordanian","","","",""
"2903898","","5","Nationality","","Saudi Arabian","","","",""
"2953916","","5","Nationality","","Yemeni","","","",""
"2903810","","5","Nationality","","Yemeni","","","",""
"111786","","5","Nationality","","Libyan","","","",""
"2881835","","5","Nationality","","Saudi Arabian","","","",""
"2827659","","5","Nationality","","Qatari","","","",""
"2787013","","5","Nationality","","Saudi Arabian","","","",""
"112022","","5","Nationality","","Tunisian","","","",""
"112023","","5","Nationality","","Tunisian","","","",""
"112024","","5","Nationality","","Somali","","","",""
"2881834","","5","Nationality","","Yemeni","","","",""
"112026","","5","Nationality","","Mauritanian","","","",""
"112027","","5","Nationality","","Tunisian","","","",""
"111923","","5","Nationality","","Egyptian","","","",""
"111924","","5","Nationality","","Yemeni","","","",""
"112028","","5","Nationality","","Algerian","","","",""
"111790","","5","Nationality","","Indonesian","","","",""
"111796","","5","Nationality","","Tunisian","","","",""
"111704","","5","Nationality","","Kuwaiti","","","",""
"2832890","","5","Nationality","","Pakistani","","","",""
"111944","","5","Nationality","","Somali","","","",""
"2813253","","5","Nationality","","Filipino","","","",""
"2983638","","5","Nationality","","Indonesian","","","",""
"111792","","5","Nationality","","Indonesian","","","",""
"2971675","","5","Nationality","","Indonesian","","","",""
"112030","","5","Nationality","","German","","","",""
"112030","","5","Nationality","","Moroccan","","","",""
"2832991","","5","Nationality","","Saudi Arabian","","","",""
"2999481","","5","Nationality","","Uzbek","","","",""
"112032","","5","Nationality","","Pakistani","","","",""
"2902221","","5","Nationality","","Algerian","","","",""
"111794","","5","Nationality","","Algerian","","","",""
"111926","","5","Nationality","","Tunisian","","","",""
"111795","","5","Nationality","","Algerian","","","",""
"112033","","5","Nationality","","Tunisian","","","",""
"2983834","","5","Nationality","","Pakistani","","","",""
"111943","","5","Nationality","","Yemeni","","","",""
"2984901","","5","Nationality","","Indonesian","","","",""
"112034","","5","Nationality","","Tunisian","","","",""
"111798","","5","Nationality","","Tunisian","","","",""
"111799","","5","Nationality","","Tunisian","","","",""
"2999482","","5","Nationality","","Pakistani","","","",""
"111800","","5","Nationality","","Moroccan","","","",""
"2982105","","5","Nationality","","German","","","",""
"2981652","","5","Nationality","","German","","","",""
"112035","","5","Nationality","","Somali","","","",""
"112507","","5","Nationality","","Moroccan","","","",""
"2816243","","5","Nationality","","Algerian","","","",""
"2813036","","5","Nationality","","Filipino","","","",""
"2813147","","5","Nationality","","Filipino","","","",""
"111803","","5","Nationality","","Algerian","","","",""
"2813149","","5","Nationality","","Filipino","","","",""
"112037","","5","Nationality","","Algerian","","","",""
"2816344","","5","Nationality","","Algerian","","","",""
"2785476","","5","Nationality","","Algerian","","","",""
"112038","","5","Nationality","","French","","","",""
"112039","","5","Nationality","","Indonesian","","","",""
"111804","","5","Nationality","","Algerian","","","",""
"111947","","5","Nationality","","Egyptian","","","",""
"2830919","","5","Nationality","","German","","","",""
"111951","","5","Nationality","","Moroccan","","","",""
"111805","","5","Nationality","","Egyptian","","","",""
"111806","","5","Nationality","","Tunisian","","","",""
"112042","","5","Nationality","","Tunisian","","","",""
"112043","","5","Nationality","","Moroccan","","","",""
"111807","","5","Nationality","","Kenyan","","","",""
"2816345","","5","Nationality","","Algerian","","","",""
"2830250","","5","Nationality","","German","","","",""
"112044","","5","Nationality","","Tanzanian","","","",""
"2816565","","5","Nationality","","Algerian","","","",""
"111952","","5","Nationality","","Indonesian","","","",""
"111919","","5","Nationality","","Yemeni","","","",""
"112075","","5","Nationality","","Filipino","","","",""
"2854925","","5","Nationality","","Chinese","","","",""
"112077","","5","Nationality","","Afghan","","","",""
"112078","","5","Nationality","","Jordanian","","","",""
"112135","","5","Nationality","","Palestinian","","","",""
"112079","","5","Nationality","","Egyptian","","","",""
"112166","","5","Nationality","","British","","","",""
"2983973","","5","Nationality","","Pakistani","","","",""
"112001","","5","Nationality","","Indonesian","","","",""
"112099","","5","Nationality","","Filipino","","","",""
"112100","","5","Nationality","","Tunisian","","","",""
"112169","","5","Nationality","","Saudi Arabian","","","",""
"112007","","5","Nationality","","Filipino","","","",""
"112248","","5","Nationality","","Tunisian","","","",""
"2982423","","5","Nationality","","Turkish","","","",""
"112138","","5","Nationality","","Indian","","","",""
"2983746","","5","Nationality","","Pakistani","","","",""
"112351","","5","Nationality","","Moroccan","","","",""
"112270","","5","Nationality","","Egyptian","","","",""
"112483","","5","Nationality","","Moroccan","","","",""
"112282","","5","Nationality","","Pakistani","","","",""
"2832887","","5","Nationality","","Pakistani","","","",""
"2813150","","5","Nationality","","Filipino","","","",""
"112494","","5","Nationality","","Algerian","","","",""
"112495","","5","Nationality","","Malaysian","","","",""
"2936490","","5","Nationality","","Pakistani","","","",""
"112364","","5","Nationality","","Iraqi","","","",""
"111783","","5","Nationality","","Iraqi","","","",""
"113442","","5","Nationality","","Filipino","","","",""
"112379","","5","Nationality","","Algerian","","","",""
"2797841","","5","Nationality","","Kuwaiti","","","",""
"2863574","","5","Nationality","","Pakistani","","","",""
"113313","","5","Nationality","","Pakistani","","","",""
"113212","","5","Nationality","","Egyptian","","","",""
"113315","","5","Nationality","","Algerian","","","",""
"2901762","","5","Nationality","","Algerian","","","",""
"3012888","","5","Nationality","","Malian","","","",""
"3013119","","5","Nationality","","Mauritanian","","","",""
"2974555","","5","Nationality","","Mauritanian","","","",""
"2812923","","5","Nationality","","Filipino","","","",""
"2971762","","5","Nationality","","Indonesian","","","",""
"2863362","","5","Nationality","","Pakistani","","","",""
"2974860","","5","Nationality","","Libyan","","","",""
"2983791","","5","Nationality","","Afghan","","","",""
"113214","","5","Nationality","","Algerian","","","",""
"111429","","5","Nationality","","Iraqi","","","",""
"113322","","5","Nationality","","Algerian","","","",""
"113435","","5","Nationality","","Indonesian","","","",""
"113436","","5","Nationality","","Tunisian","","","",""
"111497","","5","Nationality","","Afghan","","","",""
"111660","","5","Nationality","","Yemeni","","","",""
"2833107","","5","Nationality","","Pakistani","","","",""
"113323","","5","Nationality","","Filipino","","","",""
"2758395","","5","Nationality","","Tunisian","","","",""
"113317","","5","Nationality","","Tunisian","","","",""
"113217","","5","Nationality","","Filipino","","","",""
"2813148","","5","Nationality","","Filipino","","","",""
"113219","","5","Nationality","","Thought to be an Egyptian national","","","",""
"2830001","","5","Nationality","","German","","","",""
"2860351","","5","Nationality","","German","","","",""
"113324","","5","Nationality","","Jordanian of Palestinian origin","","","",""
"111782","","5","Nationality","","Egyptian","","","",""
"113220","","5","Nationality","","Indonesian","","","",""
"113439","","5","Nationality","","Malaysian","","","",""
"2786786","","5","Nationality","","Saudi Arabian","","","",""
"113222","","5","Nationality","","Indonesian","","","",""
"111639","","5","Nationality","","Libyan","","","",""
"2813362","","5","Nationality","","Filipino","","","",""
"113440","","5","Nationality","","Pakistani","","","",""
"2960872","","5","Nationality","","Russian","","","",""
"2960872","","5","Nationality","","USSR (until 1991)","","","",""
"2935076","","5","Nationality","","Pakistani","","","",""
"112283","","5","Nationality","","Jordanian","","","",""
"113328","","5","Nationality","","United States of America","","","",""
"2830354","","5","Nationality","","Turkish","","","",""
"112285","","5","Nationality","","Iraqi","","","",""
"112021","","5","Nationality","","Egyptian","","","",""
"111922","","5","Nationality","","Tunisian","","","",""
"113330","","5","Nationality","","Algerian","","","",""
"113444","","5","Nationality","","Indonesian","","","",""
 